cohort,partial_year,merge_year,n,reviewed_n,change_requested_n,approved_n,reviewed_pct,change_requested_pct,approved_pct,change_requested_among_reviewed_pct,mean_change_events,mean_change_events_when_present,mean_review_events,median_identifiable_reviewers,unique_identifiable_authors_n,small_group,sparse_change_requests,q25_merge_days,median_merge_days,q75_merge_days,p90_merge_days,q25_churn,median_churn,q75_churn,p90_churn,q25_changed_files,median_changed_files,q75_changed_files,p90_changed_files,q25_commits,median_commits,q75_commits,p90_commits
all,False,2017,200,65,25,40,32.5,12.5,20.0,38.46153846153846,0.16,1.28,0.995,0.0,93,False,False,0.06390046296296296,0.7777430555555556,5.783816550925925,21.68020949074073,6.0,24.0,110.25,409.4,1.0,2.0,5.0,13.0,1.0,1.0,3.0,6.0
all,False,2018,200,97,23,72,48.5,11.5,36.0,23.711340206185568,0.145,1.2608695652173914,1.105,0.0,96,False,False,0.1618894675925926,1.1978819444444444,5.41037037037037,18.194443287037036,4.0,20.0,78.75,292.99999999999994,1.0,2.0,4.0,10.099999999999994,1.0,2.0,4.0,7.0
all,False,2019,200,115,28,97,57.5,14.0,48.5,24.347826086956523,0.17,1.2142857142857142,1.285,1.0,84,False,False,0.09281828703703704,0.8648726851851852,4.629314236111111,29.062754629629612,7.0,22.5,101.0,368.0999999999999,1.0,2.0,5.0,8.199999999999989,1.0,2.0,4.0,7.0
all,False,2020,200,125,23,108,62.5,11.5,54.0,18.4,0.13,1.1304347826086956,1.455,1.0,83,False,False,0.1534693287037037,1.0134837962962964,4.282468171296296,12.330648148148146,5.0,29.5,120.0,479.59999999999997,1.0,2.0,6.0,12.0,1.0,2.0,3.0,6.099999999999994
all,False,2021,200,124,26,107,62.0,13.0,53.5,20.967741935483872,0.185,1.4230769230769231,1.87,1.0,71,False,False,0.05719618055555555,0.5688831018518519,3.0371585648148147,11.834899305555554,8.0,28.5,169.25,476.1,1.0,2.0,6.0,13.099999999999994,1.0,2.0,4.0,9.099999999999994
all,False,2022,200,188,17,184,94.0,8.5,92.0,9.042553191489361,0.11,1.2941176470588236,2.135,1.0,47,False,False,0.01064525462962963,0.036412037037037034,0.5749652777777777,2.458813657407406,4.0,17.5,60.5,160.89999999999995,1.0,2.0,4.0,10.0,1.0,1.0,2.0,5.0
all,False,2023,200,200,13,200,100.0,6.5,100.0,6.5,0.065,1,1.59,1.0,45,False,False,0.011802662037037037,0.04473958333333333,0.6979658564814815,2.230652777777777,5.0,14.0,52.0,173.09999999999994,1.0,2.0,3.0,7.0,1.0,1.0,2.0,4.0
all,False,2024,200,200,3,200,100.0,1.5,100.0,1.5,0.015,1,1.385,1.0,37,False,True,0.011675347222222222,0.01718171296296296,0.08783275462962963,0.8945648148148144,7.0,27.5,75.25,176.39999999999998,1.0,2.0,4.0,7.0,1.0,1.0,2.0,3.0
all,False,2025,200,200,4,200,100.0,2.0,100.0,2.0,0.025,1.25,1.83,1.0,45,False,True,0.01371238425925926,0.025046296296296296,0.15726273148148145,2.9823275462962937,6.0,19.0,67.0,185.8999999999999,1.0,2.0,4.0,8.0,1.0,1.0,2.0,5.0
all,True,2026,200,200,2,200,100.0,1.0,100.0,1.0,0.01,1,3.085,2.0,51,False,True,0.025329861111111112,0.05475115740740741,0.19052662037037038,2.103685185185182,12.0,57.0,193.25,557.3999999999995,1.0,3.0,6.0,13.0,1.0,2.0,3.0,5.099999999999994
user_accounts_only,False,2017,200,65,25,40,32.5,12.5,20.0,38.46153846153846,0.16,1.28,0.995,0.0,93,False,False,0.06390046296296296,0.7777430555555556,5.783816550925925,21.68020949074073,6.0,24.0,110.25,409.4,1.0,2.0,5.0,13.0,1.0,1.0,3.0,6.0
user_accounts_only,False,2018,200,97,23,72,48.5,11.5,36.0,23.711340206185568,0.145,1.2608695652173914,1.105,0.0,96,False,False,0.1618894675925926,1.1978819444444444,5.41037037037037,18.194443287037036,4.0,20.0,78.75,292.99999999999994,1.0,2.0,4.0,10.099999999999994,1.0,2.0,4.0,7.0
user_accounts_only,False,2019,200,115,28,97,57.5,14.0,48.5,24.347826086956523,0.17,1.2142857142857142,1.285,1.0,84,False,False,0.09281828703703704,0.8648726851851852,4.629314236111111,29.062754629629612,7.0,22.5,101.0,368.0999999999999,1.0,2.0,5.0,8.199999999999989,1.0,2.0,4.0,7.0
user_accounts_only,False,2020,196,124,23,107,63.265306122448976,11.73469387755102,54.59183673469388,18.548387096774192,0.1326530612244898,1.1304347826086956,1.4795918367346939,1.0,81,False,False,0.1402488425925926,1.0134837962962964,4.282468171296296,12.469398148148148,5.0,30.0,124.5,482.0,1.0,2.0,6.0,12.0,1.0,2.0,3.0,6.5
user_accounts_only,False,2021,199,124,26,107,62.311557788944725,13.06532663316583,53.768844221105525,20.967741935483872,0.18592964824120603,1.4230769230769231,1.879396984924623,1.0,70,False,False,0.057401620370370374,0.5707523148148148,3.0876620370370373,11.865770833333338,8.0,29.0,171.5,476.20000000000005,1.0,2.0,6.0,13.200000000000017,1.0,2.0,4.0,9.200000000000017
user_accounts_only,False,2022,200,188,17,184,94.0,8.5,92.0,9.042553191489361,0.11,1.2941176470588236,2.135,1.0,47,False,False,0.01064525462962963,0.036412037037037034,0.5749652777777777,2.458813657407406,4.0,17.5,60.5,160.89999999999995,1.0,2.0,4.0,10.0,1.0,1.0,2.0,5.0
user_accounts_only,False,2023,200,200,13,200,100.0,6.5,100.0,6.5,0.065,1,1.59,1.0,45,False,False,0.011802662037037037,0.04473958333333333,0.6979658564814815,2.230652777777777,5.0,14.0,52.0,173.09999999999994,1.0,2.0,3.0,7.0,1.0,1.0,2.0,4.0
user_accounts_only,False,2024,198,198,3,198,100.0,1.5151515151515151,100.0,1.5151515151515151,0.015151515151515152,1,1.3888888888888888,1.0,36,False,True,0.011669560185185186,0.01697337962962963,0.08203125,0.9094120370370379,7.0,27.5,75.75,177.20000000000005,1.0,2.0,4.0,7.0,1.0,1.0,2.0,3.0
user_accounts_only,False,2025,189,189,2,189,100.0,1.0582010582010581,100.0,1.0582010582010581,0.015873015873015872,1.5,1.7671957671957672,1.0,43,False,True,0.013344907407407408,0.024247685185185185,0.11680555555555555,1.4406550925925967,6.0,19.0,61.0,181.60000000000005,1.0,2.0,4.0,8.0,1.0,1.0,2.0,3.200000000000017
user_accounts_only,True,2026,179,179,2,179,100.0,1.1173184357541899,100.0,1.1173184357541899,0.0111731843575419,1,3.089385474860335,2.0,48,False,True,0.024253472222222225,0.04822916666666666,0.16730902777777779,2.1611435185185286,13.0,64.0,256.0,715.6,1.0,3.0,6.0,14.0,1.0,2.0,3.0,6.200000000000017
complete_years_only,False,2017,200,65,25,40,32.5,12.5,20.0,38.46153846153846,0.16,1.28,0.995,0.0,93,False,False,0.06390046296296296,0.7777430555555556,5.783816550925925,21.68020949074073,6.0,24.0,110.25,409.4,1.0,2.0,5.0,13.0,1.0,1.0,3.0,6.0
complete_years_only,False,2018,200,97,23,72,48.5,11.5,36.0,23.711340206185568,0.145,1.2608695652173914,1.105,0.0,96,False,False,0.1618894675925926,1.1978819444444444,5.41037037037037,18.194443287037036,4.0,20.0,78.75,292.99999999999994,1.0,2.0,4.0,10.099999999999994,1.0,2.0,4.0,7.0
complete_years_only,False,2019,200,115,28,97,57.5,14.0,48.5,24.347826086956523,0.17,1.2142857142857142,1.285,1.0,84,False,False,0.09281828703703704,0.8648726851851852,4.629314236111111,29.062754629629612,7.0,22.5,101.0,368.0999999999999,1.0,2.0,5.0,8.199999999999989,1.0,2.0,4.0,7.0
complete_years_only,False,2020,200,125,23,108,62.5,11.5,54.0,18.4,0.13,1.1304347826086956,1.455,1.0,83,False,False,0.1534693287037037,1.0134837962962964,4.282468171296296,12.330648148148146,5.0,29.5,120.0,479.59999999999997,1.0,2.0,6.0,12.0,1.0,2.0,3.0,6.099999999999994
complete_years_only,False,2021,200,124,26,107,62.0,13.0,53.5,20.967741935483872,0.185,1.4230769230769231,1.87,1.0,71,False,False,0.05719618055555555,0.5688831018518519,3.0371585648148147,11.834899305555554,8.0,28.5,169.25,476.1,1.0,2.0,6.0,13.099999999999994,1.0,2.0,4.0,9.099999999999994
complete_years_only,False,2022,200,188,17,184,94.0,8.5,92.0,9.042553191489361,0.11,1.2941176470588236,2.135,1.0,47,False,False,0.01064525462962963,0.036412037037037034,0.5749652777777777,2.458813657407406,4.0,17.5,60.5,160.89999999999995,1.0,2.0,4.0,10.0,1.0,1.0,2.0,5.0
complete_years_only,False,2023,200,200,13,200,100.0,6.5,100.0,6.5,0.065,1,1.59,1.0,45,False,False,0.011802662037037037,0.04473958333333333,0.6979658564814815,2.230652777777777,5.0,14.0,52.0,173.09999999999994,1.0,2.0,3.0,7.0,1.0,1.0,2.0,4.0
complete_years_only,False,2024,200,200,3,200,100.0,1.5,100.0,1.5,0.015,1,1.385,1.0,37,False,True,0.011675347222222222,0.01718171296296296,0.08783275462962963,0.8945648148148144,7.0,27.5,75.25,176.39999999999998,1.0,2.0,4.0,7.0,1.0,1.0,2.0,3.0
complete_years_only,False,2025,200,200,4,200,100.0,2.0,100.0,2.0,0.025,1.25,1.83,1.0,45,False,True,0.01371238425925926,0.025046296296296296,0.15726273148148145,2.9823275462962937,6.0,19.0,67.0,185.8999999999999,1.0,2.0,4.0,8.0,1.0,1.0,2.0,5.0
matched_calendar_window,False,2017,144,52,20,35,36.111111111111114,13.88888888888889,24.305555555555557,38.46153846153846,0.18055555555555555,1.3,1.2152777777777777,0.0,60,False,False,0.053466435185185186,0.7178587962962963,4.609157986111111,21.03361226851852,9.75,30.0,138.0,426.70000000000016,1.0,2.0,5.0,13.700000000000017,1.0,2.0,3.0,7.0
matched_calendar_window,False,2018,131,53,15,36,40.458015267175576,11.450381679389313,27.480916030534353,28.30188679245283,0.15267175572519084,1.3333333333333333,1.1068702290076335,0.0,64,False,False,0.23005208333333332,1.4082407407407407,5.312841435185185,20.499270833333334,6.0,23.0,120.0,353.0,1.0,2.0,5.5,12.0,1.0,2.0,4.0,8.0
matched_calendar_window,False,2019,146,84,20,70,57.534246575342465,13.698630136986301,47.945205479452056,23.80952380952381,0.17123287671232876,1.25,1.226027397260274,1.0,68,False,False,0.08495949074074075,0.7944849537037038,4.639285300925926,32.17374421296296,8.0,22.0,99.75,352.5,1.0,2.0,4.0,8.0,1.0,2.0,4.0,7.0
matched_calendar_window,False,2020,155,99,19,86,63.87096774193548,12.258064516129032,55.483870967741936,19.19191919191919,0.14193548387096774,1.1578947368421053,1.4322580645161291,1.0,67,False,False,0.18664351851851851,1.0559027777777779,4.164293981481482,9.443518518518516,5.0,26.0,111.5,374.1999999999998,1.0,2.0,6.0,11.599999999999994,1.0,2.0,3.0,5.0
matched_calendar_window,False,2021,152,98,19,87,64.47368421052632,12.5,57.23684210526316,19.387755102040817,0.17105263157894737,1.368421052631579,1.7039473684210527,1.0,59,False,False,0.05939525462962963,0.6314293981481482,2.8346672453703703,8.490456018518532,9.0,28.5,169.25,386.1,1.0,2.0,5.0,13.0,1.0,2.0,4.0,9.900000000000006
matched_calendar_window,False,2022,129,117,14,113,90.69767441860465,10.852713178294573,87.59689922480621,11.965811965811966,0.13953488372093023,1.2857142857142858,2.5348837209302326,1.0,38,False,False,0.012094907407407407,0.05856481481481481,0.6937731481481482,2.0695069444444445,4.0,16.0,65.0,175.60000000000008,1.0,2.0,4.0,8.400000000000006,1.0,1.0,2.0,6.200000000000003
matched_calendar_window,False,2023,143,143,8,143,100.0,5.594405594405594,100.0,5.594405594405594,0.055944055944055944,1,1.6433566433566433,1.0,37,False,True,0.011591435185185186,0.056712962962962965,0.7456539351851852,2.691196759259258,5.0,13.0,53.5,150.2,1.0,2.0,3.0,7.0,1.0,1.0,2.0,4.0
matched_calendar_window,False,2024,140,140,1,140,100.0,0.7142857142857143,100.0,0.7142857142857143,0.007142857142857143,1,1.3785714285714286,1.0,34,False,True,0.011788194444444445,0.01763310185185185,0.08402488425925925,1.885628472222223,6.75,27.0,80.75,225.0,1.0,2.0,4.0,8.0,1.0,1.0,2.0,3.1000000000000085
matched_calendar_window,False,2025,123,123,3,123,100.0,2.4390243902439024,100.0,2.4390243902439024,0.032520325203252036,1.3333333333333333,1.3495934959349594,1.0,37,False,True,0.012824074074074075,0.02255787037037037,0.14759837962962963,3.222990740740738,6.0,19.0,72.5,199.19999999999993,1.0,2.0,3.0,6.0,1.0,1.0,1.5,3.0
matched_calendar_window,True,2026,200,200,2,200,100.0,1.0,100.0,1.0,0.01,1,3.085,2.0,51,False,True,0.025329861111111112,0.05475115740740741,0.19052662037037038,2.103685185185182,12.0,57.0,193.25,557.3999999999995,1.0,3.0,6.0,13.0,1.0,2.0,3.0,5.099999999999994
